{
    "raw_sharpe": 0.917950520692279,
    "net_sharpe": 0.8846033932119124,
    "final_sharpe": 0.6355116467192857,
    "sp500_sharpe": 0.5072836725649195,
    "raw_ann_vol": 0.20825827517571036,
    "net_ann_vol": 0.20828548036077751,
    "final_ann_vol": 0.09943909184806209,
    "sp500_ann_vol": 0.20927113216556398,
    "raw_ann_ret": 0.23289500902702787,
    "net_ann_ret": 0.2243911359431099,
    "final_ann_ret": 0.10307813061380866,
    "sp500_ann_ret": 0.13220221365674334,
    "raw_max_dd": -0.24215837721262254,
    "net_max_dd": -0.24351809889284456,
    "final_max_dd": -0.121234379005768,
    "sp500_max_dd": -0.3392496000265329
}